nombreNegocio,correoNegocio,campoNegocio,nombreExperto,numeroExperto,correoExperto,cargoExperto
MegaTech Solutions,info@megatech.com,Tecnología,John Smith,(123) 456-7890,john.smith@email.com,CTO
Bright Ideas Inc.,contact@brightideas.com,Consultoría,Sarah Johnson,(987) 654-3210,sarah.j@email.com,CEO
EcoGreen Enterprises,info@ecogreen.biz,Medio Ambiente,Michael Davis,(555) 123-4567,michael.d@email.com,Gerente de Sostenibilidad
Global Marketing Co.,contact@globalmktg.com,Marketing,Emily White,(111) 222-3333,emily.w@email.com,Director de Marketing
GreenTech Innovations,info@greentech.org,Energía,David Brown,(444) 567-8901,david.b@email.com,Ingeniero Jefe
TechSolutions Ltd.,info@techsolutions.net,Tecnología,Linda Wilson,(777) 999-8888,linda.w@email.com,VP de Desarrollo de Negocios
Foodie Ventures Inc.,contact@foodieventures.com,Alimentación,James Johnson,(222) 333-4444,james.j@email.com,CEO
EnviroCare Group,info@envirocaregroup.com,Medio Ambiente,Mary Lee,(666) 777-8888,mary.lee@email.com,Gerente de Operaciones
ConnectX Corporation,contact@connectxcorp.com,Comunicaciones,Michael Anderson,(999) 888-7777,michael.a@email.com,Director de Ventas
HealthMasters Inc.,info@healthmasters.com,Salud,Jennifer Smith,(555) 444-3333,jennifer.s@email.com,COO
TechWise Solutions,info@techwise.com,Tecnología,Emily Taylor,(888) 999-0000,emily.t@email.com,CTO
StyleTrend Salon,contact@styletrend.com,Belleza,Daniel Smith,(777) 666-5555,daniel.s@email.com,Estilista Principal
TastyDelights Catering,info@tastydelights.com,Alimentación,Jessica Anderson,(555) 444-5555,jessica.a@email.com,Chef Ejecutivo
EcoCleanSweep Services,contact@ecocleansweep.com,Limpieza,John Wilson,(444) 333-2222,john.w@email.com,Gerente de Operaciones
InnovateIt Solutions,info@innovateit.com,Tecnología,Sarah Johnson,(111) 222-3333,sarah.j@email.com,Gerente de Desarrollo de Negocios
NatureHeal Clinic,info@natureheal.com,Salud,Mark Davis,(555) 666-7777,mark.d@email.com,Médico Principal
DigitalWave Marketing,contact@digitalwave.com,Marketing,Laura Martinez,(444) 555-6666,laura.m@email.com,Director de Marketing
CreativeVisions Studio,info@creativevisions.net,Diseño,Michael Adams,(222) 111-5555,michael.a@email.com,Diseñador Jefe
GreenPower Innovations,info@greenpower.org,Energía,Rachel Turner,(777) 888-9999,rachel.t@email.com,Director de Operaciones
FreshFlavors Cafe,contact@freshflavors.com,Alimentación,Christopher Harris,(111) 333-4444,christopher.h@email.com,Chef Ejecutivo
nombreNegocio,correoNegocio,campoNegocio,nombreExperto,numeroExperto,correoExperto,cargoExperto
TechWise Solutions,info@techwise.com,Tecnología,Emily Taylor,(888) 999-0000,emily.t@email.com,CTO
StyleTrend Salon,contact@styletrend.com,Belleza,Daniel Smith,(777) 666-5555,daniel.s@email.com,Estilista Principal
TastyDelights Catering,info@tastydelights.com,Alimentación,Jessica Anderson,(555) 444-5555,jessica.a@email.com,Chef Ejecutivo
EcoCleanSweep Services,contact@ecocleansweep.com,Limpieza,John Wilson,(444) 333-2222,john.w@email.com,Gerente de Operaciones
InnovateIt Solutions,info@innovateit.com,Tecnología,Sarah Johnson,(111) 222-3333,sarah.j@email.com,Gerente de Desarrollo de Negocios
NatureHeal Clinic,info@natureheal.com,Salud,Mark Davis,(555) 666-7777,mark.d@email.com,Médico Principal
DigitalWave Marketing,contact@digitalwave.com,Marketing,Laura Martinez,(444) 555-6666,laura.m@email.com,Director de Marketing
CreativeVisions Studio,info@creativevisions.net,Diseño,Michael Adams,(222) 111-5555,michael.a@email.com,Diseñador Jefe
GreenPower Innovations,info@greenpower.org,Energía,Rachel Turner,(777) 888-9999,rachel.t@email.com,Director de Operaciones
FreshFlavors Cafe,contact@freshflavors.com,Alimentación,Christopher Harris,(111) 333-4444,christopher.h@email.com,Chef Ejecutivo
DataTech Solutions,info@datatech.com,Tecnología,Robert Johnson,(333) 444-5555,robert.j@email.com,CTO
GlamourGlow Salon,contact@glamourglow.com,Belleza,Michelle Davis,(555) 666-7777,michelle.d@email.com,Estilista Principal
SavoryDelights Catering,info@savorydelights.com,Alimentación,William Smith,(777) 888-9999,william.s@email.com,Chef Ejecutivo
EcoCleanSweep Services,contact@ecocleansweep.com,Limpieza,Emily White,(222) 333-4444,emily.w@email.com,Gerente de Operaciones
InnovateTech Solutions,info@innovatetech.com,Tecnología,John Anderson,(888) 999-0000,john.a@email.com,VP de Desarrollo de Negocios
WellnessHeal Clinic,info@wellnessheal.com,Salud,Susan Taylor,(444) 555-6666,susan.t@email.com,Médico Principal
DigitalPromo Marketing,contact@digitalpromo.com,Marketing,David Smith,(111) 222-3333,david.s@email.com,Director de Marketing
DesignInnovations Studio,info@designinnovations.net,Diseño,Elizabeth Johnson,(555) 444-5555,elizabeth.j@email.com,Diseñador Jefe
GreenEco Innovations,info@greeneco.org,Energía,James Martin,(666) 777-8888,james.m@email.com,Director de Operaciones
CafeDelights,contact@cafedelights.com,Alimentación,Michelle Taylor,(123) 456-7890,michelle.t@email.com,Chef Ejecutivo
TechPro Solutions,info@techpro.com,Tecnología,John Davis,(777) 666-5555,john.d@email.com,CTO
HairPerfection Salon,contact@hairperfection.com,Belleza,Emily Wilson,(222) 333-4444,emily.w@email.com,Estilista Principal
DeliciousCatering,info@deliciouscatering.com,Alimentación,Michael Smith,(555) 444-3333,michael.s@email.com,Chef Ejecutivo
CleanSweep Services,contact@cleansweep.com,Limpieza,Susan Johnson,(444) 333-2222,susan.j@email.com,Gerente de Operaciones
TechGenius Solutions,info@techgenius.com,Tecnología,William Davis,(999) 888-7777,william.d@email.com,VP de Desarrollo de Negocios
WellnessMasters Clinic,info@wellnessmasters.com,Salud,Elizabeth Smith,(111) 222-3333,elizabeth.s@email.com,Médico Principal
DigitalFame Marketing,contact@digitalfame.com,Marketing,James Anderson,(666) 555-4444,james.a@email.com,Director de Marketing
DesignSavvy Studio,info@designsavvy.net,Diseño,John Wilson,(555) 666-7777,john.w@email.com,Diseñador Jefe
EcoSolutions Innovations,info@ecosolutions.org,Energía,Laura Davis,(777) 888-9999,laura.d@email.com,Director de Operaciones
FlavorFusion Cafe,contact@flavorfusion.com,Alimentación,Robert Smith,(222) 111-5555,robert.s@email.com,Chef Ejecutivo
TechSavvy Solutions,info@techsavvy.com,Tecnología,Emily Anderson,(333) 444-5555,emily.a@email.com,CTO
BeautyTrends Salon,contact@beautytrends.com,Belleza,John Taylor,(888) 999-0000,john.t@email.com,Estilista Principal
CulinaryDelights Catering,info@culinarydelights.com,Alimentación,Susan Davis,(555) 444-5555,susan.d@email.com,Chef Ejecutivo
CleanItUp Services,contact@cleanitup.com,Limpieza,William Johnson,(777) 666-5555,william.j@email.com,Gerente de Operaciones
TechInnovate Solutions,info@techinnovate.com,Tecnología,Laura Anderson,(111) 222-3333,laura.a@email.com,VP de Desarrollo de Negocios
HealthWell Clinic,info@healthwell.com,Salud,Michael Wilson,(444) 555-6666,michael.w@email.com,Médico Principal
DigitalImpact Marketing,contact@digitalimpact.com,Marketing,Elizabeth Davis,(666) 555-4444,elizabeth.d@email.com,Director de Marketing
DesignPro Studio,info@designpro.net,Diseño,John Smith,(555) 444-3333,john.s@email.com,Diseñador Jefe
EcoGreen Innovations,info@ecogreen.org,Energía,Emily Martin,(123) 456-7890,emily.m@email.com,Director de Operaciones
FreshBites Cafe,contact@freshbites.com,Alimentación,William Johnson,(777) 888-9999,william.j@email.com,Chef Ejecutivo
TechMasters Solutions,info@techmasters.com,Tecnología,Susan Taylor,(222) 333-4444,susan.t@email.com,CTO
GlowTrend Salon,contact@glowtrend.com,Belleza,James Anderson,(333) 444-5555,james.a@email.com,Estilista Principal
SavoryTreats Catering,info@savorytreats.com,Alimentación,Laura Wilson,(111) 222-3333,laura.w@email.com,Chef Ejecutivo
EcoCleanTech Services,contact@ecocleantech.com,Limpieza,Robert Davis,(555) 666-7777,robert.d@email.com,Gerente de Operaciones
TechSolutions Pro,info@techsolutionspro.com,Tecnología,Emily Smith,(444) 555-6666,emily.s@email.com,VP de Desarrollo de Negocios
WellnessHeal Clinic,info@wellnessheal.com,Salud,John Wilson,(123) 456-7890,john.w@email.com,Médico Principal
DigitalPro Marketing,contact@digitalpro.com,Marketing,Susan Johnson,(777) 888-9999,susan.j@email.com,Director de Marketing
DesignCraft Studio,info@designcraft.net,Diseño,James Davis,(222) 333-4444,james.d@email.com,Diseñador Jefe
GreenEco Innovations,info@greeneco.org,Energía,Laura Anderson,(111) 222-3333,laura.a@email.com,Director de Operaciones
FlavorFusion Cafe,contact@flavorfusion.com,Alimentación,Robert Smith,(555) 444-5555,robert.s@email.com,Chef Ejecutivo
TechSavvy Solutions,info@techsavvy.com,Tecnología,Emily Anderson,(444) 333-2222,emily.a@email.com,CTO
BeautyTrends Salon,contact@beautytrends.com,Belleza,John Taylor,(888) 999-0000,john.t@email.com,Estilista Principal
CulinaryDelights Catering,info@culinarydelights.com,Alimentación,Susan Davis,(666) 777-8888,susan.d@email.com,Chef Ejecutivo
CleanItUp Services,contact@cleanitup.com,Limpieza,William Johnson,(555) 333-4444,william.j@email.com,Gerente de Operaciones
TechInnovate Solutions,info@techinnovate.com,Tecnología,Laura Anderson,(333) 222-1111,laura.a@email.com,VP de Desarrollo de Negocios
HealthWell Clinic,info@healthwell.com,Salud,Michael Wilson,(444) 111-3333,michael.w@email.com,Médico Principal
DigitalImpact Marketing,contact@digitalimpact.com,Marketing,Elizabeth Davis,(111) 444-7777,elizabeth.d@email.com,Director de Marketing
DesignPro Studio,info@designpro.net,Diseño,John Smith,(999) 222-3333,john.s@email.com,Diseñador Jefe
EcoGreen Innovations,info@ecogreen.org,Energía,Emily Martin,(111) 555-6666,emily.m@email.com,Director de Operaciones
FreshBites Cafe,contact@freshbites.com,Alimentación,William Johnson,(666) 444-5555,william.j@email.com,Chef Ejecutivo
TechMasters Solutions,info@techmasters.com,Tecnología,Susan Taylor,(555) 333-2222,susan.t@email.com,CTO
GlowTrend Salon,contact@glowtrend.com,Belleza,James Anderson,(222) 111-5555,james.a@email.com,Estilista Principal
SavoryTreats Catering,info@savorytreats.com,Alimentación,Laura Wilson,(777) 444-3333,laura.w@email.com,Chef Ejecutivo
EcoCleanTech Services,contact@ecocleantech.com,Limpieza,Robert Davis,(555) 555-7777,robert.d@email.com,Gerente de Operaciones
TechSolutions Pro,info@techsolutionspro.com,Tecnología,Emily Smith,(666) 666-8888,emily.s@email.com,VP de Desarrollo de Negocios
TechGenius Solutions,info@techgenius.com,Tecnología,Alice Johnson,(555) 555-5555,alice.j@email.com,CTO
HairPerfection Salon,contact@hairperfection.com,Belleza,Robert Smith,(666) 666-6666,robert.s@email.com,Estilista Principal
DeliciousEats Catering,info@deliciouseats.com,Alimentación,Linda Anderson,(777) 777-7777,linda.a@email.com,Chef Ejecutivo
EcoCleanSweep Services,contact@ecocleansweep.com,Limpieza,David Davis,(888) 888-8888,david.d@email.com,Gerente de Operaciones
InnovatePro Solutions,info@innovatepro.com,Tecnología,Susan Wilson,(999) 999-9999,susan.w@email.com,VP de Desarrollo de Negocios
HealthCare Clinic,info@healthcare.com,Salud,John Smith,(333) 333-3333,john.s@email.com,Médico Principal
DigitalPromotion Marketing,contact@digitalpromotion.com,Marketing,Emily Brown,(444) 444-4444,emily.b@email.com,Director de Marketing
DesignCraft Studio,info@designcraft.net,Diseño,Michael Anderson,(222) 222-2222,michael.a@email.com,Diseñador Jefe
GreenEco Innovations,info@greeneco.org,Energía,Susan Martin,(555) 555-5555,susan.m@email.com,Director de Operaciones
FlavorFusion Cafe,contact@flavorfusion.com,Alimentación,David Taylor,(666) 666-6666,david.t@email.com,Chef Ejecutivo
TechMasters Solutions,info@techmasters.com,Tecnología,Alice Wilson,(777) 777-7777,alice.w@email.com,CTO
GlamourGlow Salon,contact@glamourglow.com,Belleza,Robert Anderson,(888) 888-8888,robert.a@email.com,Estilista Principal
TasteDelights Catering,info@tastedelights.com,Alimentación,Linda Smith,(999) 999-9999,linda.s@email.com,Chef Ejecutivo
EcoCleanTech Services,contact@ecocleantech.com,Limpieza,David Brown,(333) 333-3333,david.b@email.com,Gerente de Operaciones
TechSolutions Pro,info@techsolutionspro.com,Tecnología,Susan Davis,(444) 444-4444,susan.d@email.com,VP de Desarrollo de Negocios
WellnessHeal Clinic,info@wellnessheal.com,Salud,John Wilson,(222) 222-2222,john.w@email.com,Médico Principal
DigitalPro Marketing,contact@digitalpro.com,Marketing,Emily Smith,(555) 555-5555,emily.s@email.com,Director de Marketing
DesignArt Studio,info@designart.net,Diseño,Michael Johnson,(666) 666-6666,michael.j@email.com,Diseñador Jefe
GreenTech Innovations,info@greentech.org,Energía,David Wilson,(777) 777-7777,david.w@email.com,Director de Operaciones
FlavorFusion Cafe,contact@flavorfusion.com,Alimentación,Alice Davis,(888) 888-8888,alice.d@email.com,Chef Ejecutivo
TechSavvy Solutions,info@techsavvy.com,Tecnología,Robert Johnson,(999) 999-9999,robert.j@email.com,CTO
BeautyTrends Salon,contact@beautytrends.com,Belleza,Linda Taylor,(333) 333-3333,linda.t@email.com,Estilista Principal
CulinaryDelights Catering,info@culinarydelights.com,Alimentación,David Anderson,(444) 444-4444,david.a@email.com,Chef Ejecutivo
CleanItUp Services,contact@cleanitup.com,Limpieza,Emily Wilson,(222) 222-2222,emily.w@email.com,Gerente de Operaciones
TechInnovate Solutions,info@techinnovate.com,Tecnología,Michael Taylor,(555) 555-5555,michael.t@email.com,VP de Desarrollo de Negocios
HealthWell Clinic,info@healthwell.com,Salud,Alice Anderson,(666) 666-6666,alice.a@email.com,Médico Principal
DigitalImpact Marketing,contact@digitalimpact.com,Marketing,Robert Smith,(777) 777-7777,robert.s@email.com,Director de Marketing
DesignPro Studio,info@designpro.net,Diseño,Linda Davis,(888) 888-8888,linda.d@email.com,Diseñador Jefe
GreenEco Innovations,info@greeneco.org,Energía,David Anderson,(999) 999-9999,david.a@email.com,Director de Operaciones
FreshBites Cafe,contact@freshbites.com,Alimentación,Emily Davis,(333) 333-3333,emily.d@email.com,Chef Ejecutivo
TechMasters Solutions,info@techmasters.com,Tecnología,Michael Wilson,(444) 444-4444,michael.w@email.com,CTO
GlowTrend Salon,contact@glowtrend.com,Belleza,Robert Brown,(222) 222-2222,robert.b@email.com,Estilista Principal
SavoryTreats Catering,info@savorytreats.com,Alimentación,Linda Smith,(555) 555-5555,linda.s@email.com,Chef Ejecutivo
EcoCleanTech Services,contact@ecocleantech.com,Limpieza,David Johnson,(666) 666-6666,david.j@email.com,Gerente de Operaciones
TechSolutions Pro,info@techsolutionspro.com,Tecnología,Alice Smith,(777) 777-7777,alice.s@email.com,VP de Desarrollo de Negocios
EliteTech Solutions,info@elitetech.com,Tecnología,Olivia Anderson,(555) 555-5555,olivia.a@email.com,CTO
HairPerfection Salon,contact@hairperfection.com,Belleza,William Smith,(666) 666-6666,william.s@email.com,Estilista Principal
TasteBuds Catering,info@tastebuds.com,Alimentación,Sophia Davis,(777) 777-7777,sophia.d@email.com,Chef Ejecutivo
EcoCleanSweep Services,contact@ecocleansweep.com,Limpieza,David Taylor,(888) 888-8888,david.t@email.com,Gerente de Operaciones
InnovateX Solutions,info@innovatex.com,Tecnología,Ella Smith,(999) 999-9999,ella.s@email.com,VP de Desarrollo de Negocios
HealthWave Clinic,info@healthwave.com,Salud,Aiden Anderson,(333) 333-3333,aiden.a@email.com,Médico Principal
DigitalFusion Marketing,contact@digitalfusion.com,Marketing,Sofia Johnson,(444) 444-4444,sofia.j@email.com,Director de Marketing
DesignSculpt Studio,info@designsculpt.net,Diseño,William Davis,(222) 222-2222,william.d@email.com,Diseñador Jefe
EcoEco Innovations,info@ecoeco.org,Energía,Ella Davis,(555) 555-5555,ella.d@email.com,Director de Operaciones
FlavorFusion Cafe,contact@flavorfusion.com,Alimentación,Aiden Smith,(666) 666-6666,aiden.s@email.com,Chef Ejecutivo
TechXpert Solutions,info@techxpert.com,Tecnología,Sofia Taylor,(777) 777-7777,sofia.t@email.com,CTO
GlowTrend Salon,contact@glowtrend.com,Belleza,William Anderson,(888) 888-8888,william.a@email.com,Estilista Principal
DelightfulEats Catering,info@delightfuleats.com,Alimentación,Ella Taylor,(999) 999-9999,ella.t@email.com,Chef Ejecutivo
EcoCleanTech Services,contact@ecocleantech.com,Limpieza,David Anderson,(333) 333-3333,david.a@email.com,Gerente de Operaciones
TechMasters Pro,info@techmasterspro.com,Tecnología,Sofia Davis,(444) 444-4444,sofia.d@email.com,VP de Desarrollo de Negocios
HealthWell Clinic,info@healthwell.com,Salud,Aiden Wilson,(222) 222-2222,aiden.w@email.com,Médico Principal
DigitalPromotion Marketing,contact@digitalpromotion.com,Marketing,Ella Smith,(555) 555-5555,ella.s@email.com,Director de Marketing
DesignArt Studio,info@designart.net,Diseño,William Johnson,(666) 666-6666,william.j@email.com,Diseñador Jefe
GreenTech Innovations,info@greentech.org,Energía,Sofia Martin,(777) 777-7777,sofia.m@email.com,Director de Operaciones
SavoryDelights Catering,info@savorydelights.com,Alimentación,Ella Smith,(888) 888-8888,ella.s@email.com,Chef Ejecutivo
TechSavvy Solutions,info@techsavvy.com,Tecnología,David Wilson,(999) 999-9999,david.w@email.com,CTO
BeautyTrends Salon,contact@beautytrends.com,Belleza,William Brown,(333) 333-3333,william.b@email.com,Estilista Principal
CulinaryCreations Catering,info@culinarycreations.com,Alimentación,Sofia Davis,(444) 444-4444,sofia.d@email.com,Chef Ejecutivo
CleanItUp Services,contact@cleanitup.com,Limpieza,Ella Wilson,(222) 222-2222,ella.w@email.com,Gerente de Operaciones
TechInnovate Solutions,info@techinnovate.com,Tecnología,David Taylor,(555) 555-5555,david.t@email.com,VP de Desarrollo de Negocios
HealthMasters Clinic,info@healthmasters.com,Salud,Sofia Anderson,(666) 666-6666,sofia.a@email.com,Médico Principal
DigitalCraft Marketing,contact@digitalcraft.com,Marketing,William Davis,(777) 777-7777,william.d@email.com,Director de Marketing
DesignPro Studio,info@designpro.net,Diseño,Ella Smith,(888) 888-8888,ella.s@email.com,Diseñador Jefe
GreenEco Innovations,info@greeneco.org,Energía,David Anderson,(999) 999-9999,david.a@email.com,Director de Operaciones
FreshBites Cafe,contact@freshbites.com,Alimentación,Sofia Davis,(333) 333-3333,sofia.d@email.com,Chef Ejecutivo
TechSavvy Solutions,info@techsavvy.com,Tecnología,William Davis,(444) 444-4444,william.d@email.com,CTO
GlamourGlow Salon,contact@glamourglow.com,Belleza,Ella Smith,(555) 555-5555,ella.s@email.com,Estilista Principal
TasteDelights Catering,info@tastedelights.com,Alimentación,David Smith,(666) 666-6666,david.s@email.com,Chef Ejecutivo
EcoCleanTech Services,contact@ecocleantech.com,Limpieza,Sofia Johnson,(777) 777-7777,sofia.j@email.com,Gerente de Operaciones
TechSolutions Pro,info@techsolutionspro.com,Tecnología,William Anderson,(888) 888-8888,william.a@email.com,VP de Desarrollo de Negocios